yago,"http://dbpedia.org/class/yago/"
rdf,"http://www.w3.org/1999/02/22-rdf-syntax-ns#"
foaf,"http://xmlns.com/foaf/0.1/"
dbp,"http://dbpedia.org/property/"
owl,"http://www.w3.org/2002/07/owl#"
dc,"http://purl.org/dc/elements/1.1/"
rdfs,"http://www.w3.org/2000/01/rdf-schema#"
dbo,"http://dbpedia.org/ontology/"
rss,"http://purl.org/rss/1.0/"
sc,"http://umbel.org/umbel/sc/"
fb,"http://rdf.freebase.com/ns/"
skos,"http://www.w3.org/2004/02/skos/core#"
geonames,"http://www.geonames.org/ontology#"
geo,"http://www.w3.org/2003/01/geo/wgs84_pos#"
sioc,"http://rdfs.org/sioc/ns#"
cyc,"http://sw.opencyc.org/concept/"
gr,"http://purl.org/goodrelations/v1#"
akt,"http://www.aktors.org/ontology/portal#"
dbpedia,"http://dbpedia.org/resource/"
xsd,"http://www.w3.org/2001/XMLSchema#"
dcterms,"http://purl.org/dc/terms/"
admin,"http://webns.net/mvcb/"
swrc,"http://swrc.ontoware.org/ontology#"
dbpprop,"http://dbpedia.org/property/"
commerce,"http://search.yahoo.com/searchmonkey/commerce/"
dct,"http://purl.org/dc/terms/"
content,"http://purl.org/rss/1.0/modules/content/"
gldp,"http://www.w3.org/ns/people#"
doap,"http://usefulinc.com/ns/doap#"
xhtml,"http://www.w3.org/1999/xhtml#"
void,"http://rdfs.org/ns/void#"
vcard,"http://www.w3.org/2006/vcard/ns#"
dc11,"http://purl.org/dc/elements/1.1/"
gen,"http://www.w3.org/2006/gen/ont#"
org,"http://www.w3.org/ns/org#"
bill,"http://www.rdfabout.com/rdf/schema/usbill/"
wot,"http://xmlns.com/wot/0.1/"
qb,"http://purl.org/linked-data/cube#"
test2,"http://this.invalid/test2#"
nie,"http://www.semanticdesktop.org/ontologies/2007/01/19/nie#"
d2rq,"http://www.wiwiss.fu-berlin.de/suhl/bizer/D2RQ/0.1#"
bibo,"http://purl.org/ontology/bibo/"
http,"http://www.w3.org/2006/http#"
rel,"http://purl.org/vocab/relationship/"
og,"http://opengraphprotocol.org/schema/"
factbook,"http://www4.wiwiss.fu-berlin.de/factbook/ns#"
vann,"http://purl.org/vocab/vann/"
drugbank,"http://www4.wiwiss.fu-berlin.de/drugbank/resource/drugbank/"
mo,"http://purl.org/ontology/mo/"
dcmit,"http://purl.org/dc/dcmitype/"
cc,"http://creativecommons.org/ns#"
media,"http://search.yahoo.com/searchmonkey/media/"
ex,"http://example.com/"
bio,"http://purl.org/vocab/bio/0.1/"
aiiso,"http://purl.org/vocab/aiiso/schema#"
book,"http://purl.org/NET/book/vocab#"
earl,"http://www.w3.org/ns/earl#"
cld,"http://purl.org/cld/terms/"
reco,"http://purl.org/reco#"
dv,"http://rdf.data-vocabulary.org/#"
cv,"http://purl.org/captsolo/resume-rdf/0.2/cv#"
air,"http://dig.csail.mit.edu/TAMI/2007/amord/air#"
musim,"http://purl.org/ontology/similarity/"
event,"http://purl.org/NET/c4dm/event.owl#"
dcq,"http://purl.org/dc/terms/"
ical,"http://www.w3.org/2002/12/cal/ical#"
tag,"http://www.holygoat.co.uk/owl/redwood/0.1/tags/"
swc,"http://data.semanticweb.org/ns/swc/ontology#"
botany,"http://purl.org/NET/biol/botany#"
biblio,"http://purl.org/net/biblio#"
xfn,"http://vocab.sindice.com/xfn#"
rev,"http://purl.org/stuff/rev#"
ad,"http://schemas.talis.com/2005/address/schema#"
osag,"http://www.ordnancesurvey.co.uk/ontology/AdministrativeGeography/v2.0/AdministrativeGeography.rdf#"
dir,"http://schemas.talis.com/2005/dir/schema#"
days,"http://ontologi.es/days#"
log,"http://www.w3.org/2000/10/swap/log#"
owlim,"http://www.ontotext.com/trree/owlim#"
rdfg,"http://www.w3.org/2004/03/trix/rdfg-1/"
sd,"http://www.w3.org/ns/sparql-service-description#"
sism,"http://purl.oclc.org/NET/sism/0.1/"
mu,"http://www.kanzaki.com/ns/music#"
memo,"http://ontologies.smile.deri.ie/2009/02/27/memo#"
afn,"http://jena.hpl.hp.com/ARQ/function#"
cfp,"http://sw.deri.org/2005/08/conf/cfp.owl#"
fn,"http://www.w3.org/2005/xpath-functions#"
ctag,"http://commontag.org/ns#"
xhv,"http://www.w3.org/1999/xhtml/vocab#"
cs,"http://purl.org/vocab/changeset/schema#"
af,"http://purl.org/ontology/af/"
ome,"http://purl.org/ontomedia/core/expression#"
xf,"http://www.w3.org/2002/xforms/"
cal,"http://www.w3.org/2002/12/cal/ical#"
co,"http://purl.org/ontology/co/core#"
cmp,"http://www.ontologydesignpatterns.org/cp/owl/componency.owl#"
xs,"http://www.w3.org/2001/XMLSchema#"
ok,"http://okkam.org/terms#"
giving,"http://ontologi.es/giving#"
swanq,"http://purl.org/swan/1.2/qualifiers/"
dbr,"http://dbpedia.org/resource/"
sider,"http://www4.wiwiss.fu-berlin.de/sider/resource/sider/"
lomvoc,"http://ltsc.ieee.org/rdf/lomv1p0/vocabulary#"
ir,"http://www.ontologydesignpatterns.org/cp/owl/informationrealization.owl#"
dcn,"http://www.w3.org/2007/uwa/context/deliverycontext.owl#"
wn20schema,"http://www.w3.org/2006/03/wn/wn20/schema/"
swande,"http://purl.org/swan/1.2/discourse-elements/"
rif,"http://www.w3.org/2007/rif#"
math,"http://www.w3.org/2000/10/swap/math#"
myspace,"http://purl.org/ontology/myspace#"
sr,"http://www.openrdf.org/config/repository/sail#"
daia,"http://purl.org/ontology/daia/"
jdbc,"http://d2rq.org/terms/jdbc/"
tzont,"http://www.w3.org/2006/timezone#"
con,"http://www.w3.org/2000/10/swap/pim/contact#"
cert,"http://www.w3.org/ns/auth/cert#"
movie,"http://data.linkedmdb.org/resource/movie/"
nfo,"http://www.semanticdesktop.org/ontologies/nfo/#"
ac,"http://umbel.org/umbel/ac/"
pto,"http://www.productontology.org/id/"
po,"http://purl.org/ontology/po/"
akts,"http://www.aktors.org/ontology/support#"
oo,"http://purl.org/openorg/"
uniprot,"http://purl.uniprot.org/core/"
rsa,"http://www.w3.org/ns/auth/rsa#"
granatum,"http://chem.deri.ie/granatum/"
sioct,"http://rdfs.org/sioc/types#"
ov,"http://open.vocab.org/terms/"
daml,"http://www.daml.org/2001/03/daml+oil#"
frbr,"http://purl.org/vocab/frbr/core#"
wo,"http://purl.org/ontology/wo/"
pmlj,"http://inference-web.org/2.0/pml-justification.owl#"
usgov,"http://www.rdfabout.com/rdf/schema/usgovt/"
prv,"http://purl.org/net/provenance/ns#"
politico,"http://www.rdfabout.com/rdf/schema/politico/"
oauth,"http://demiblog.org/vocab/oauth#"
wn,"http://xmlns.com/wordnet/1.6/"
taxo,"http://purl.org/rss/1.0/modules/taxonomy/"
dcat,"http://www.w3.org/ns/dcat#"
scovo,"http://purl.org/NET/scovo#"
lfm,"http://purl.org/ontology/last-fm/"
mit,"http://purl.org/ontology/mo/mit#"
vote,"http://www.rdfabout.com/rdf/schema/vote/"
irrl,"http://www.ontologydesignpatterns.org/cp/owl/informationobjectsandrepresentationlanguages.owl#"
wdrs,"http://www.w3.org/2007/05/powder-s#"
lgd,"http://linkedgeodata.org/ontology/"
omt,"http://purl.org/ontomedia/ext/common/trait#"
doac,"http://ramonantonio.net/doac/0.1/#"
vs,"http://www.w3.org/2003/06/sw-vocab-status/ns#"
affy,"http://www.affymetrix.com/community/publications/affymetrix/tmsplice#"
rep,"http://www.openrdf.org/config/repository#"
abc,"http://www.metadata.net/harmony/ABCSchemaV5Commented.rdf#"
nao,"http://www.semanticdesktop.org/ontologies/2007/08/15/nao#"
scot,"http://scot-project.org/scot/ns#"
spacerel,"http://data.ordnancesurvey.co.uk/ontology/spatialrelations/"
spc,"http://purl.org/ontomedia/core/space#"
acm,"http://www.semanticweb.org/ontologies/2012/acm.owl#"
lastfm,"http://purl.org/ontology/last-fm/"
money,"http://purl.org/net/rdf-money/"
atomix,"http://buzzword.org.uk/rdf/atomix#"
skosxl,"http://www.w3.org/2008/05/skos-xl#"
loc,"http://www.w3.org/2007/uwa/context/location.owl#"
user,"http://schemas.talis.com/2005/user/schema#"
coref,"http://www.rkbexplorer.com/ontologies/coref#"
resex,"http://resex.rkbexplorer.com/ontologies/resex#"
fec,"http://www.rdfabout.com/rdf/schema/usfec/"
ore,"http://www.openarchives.org/ore/terms/"
lotico,"http://www.lotico.com/resource/"
lode,"http://linkedevents.org/ontology/"
code,"http://telegraphis.net/ontology/measurement/code#"
swrl,"http://www.w3.org/2003/11/swrl#"
ti,"http://www.ontologydesignpatterns.org/cp/owl/timeinterval.owl#"
ya,"http://blogs.yandex.ru/schema/foaf/"
video,"http://purl.org/media/video#"
sv,"http://schemas.talis.com/2005/service/schema#"
wordmap,"http://purl.org/net/ns/wordmap#"
audio,"http://purl.org/media/audio#"
rei,"http://www.w3.org/2004/06/rei#"
sede,"http://eventography.org/sede/0.1/"
dctype,"http://purl.org/dc/dcmitype/"
bio2rdf,"http://bio2rdf.org/"
ecs,"http://rdf.ecs.soton.ac.uk/ontology/ecs#"
wdr,"http://www.w3.org/2007/05/powder#"
powder,"http://www.w3.org/2007/05/powder#"
protege,"http://protege.stanford.edu/system#"
zoology,"http://purl.org/NET/biol/zoology#"
meta,"http://www.openrdf.org/rdf/2009/metadata#"
imm,"http://schemas.microsoft.com/imm/"
courseware,"http://courseware.rkbexplorer.com/ontologies/courseware#"
rec,"http://purl.org/ontology/rec/core#"
kwijibo,"http://kwijibo.talis.com/"
chord,"http://purl.org/ontology/chord/"
lang,"http://ontologi.es/lang/core#"
nco,"http://www.semanticdesktop.org/ontologies/2007/03/22/nco#"
airport,"http://www.daml.org/2001/10/html/airport-ont#"
p3p,"http://www.w3.org/2002/01/p3prdfv1#"
omb,"http://purl.org/ontomedia/ext/common/being#"
swrlb,"http://www.w3.org/2003/11/swrlb#"
os,"http://www.w3.org/2000/10/swap/os#"
lx,"http://purl.org/NET/lx#"
link,"http://www.w3.org/2006/link#"
spin,"http://spinrdf.org/spin#"
omc,"http://purl.org/ontomedia/ext/common/bestiary#"
iswc,"http://annotation.semanticweb.org/2004/iswc#"
sit,"http://www.ontologydesignpatterns.org/cp/owl/situation.owl#"
omp,"http://purl.org/ontomedia/ext/common/profession#"
dcam,"http://purl.org/dc/dcam/"
myspo,"http://purl.org/ontology/myspace#"
es,"http://eulersharp.sourceforge.net/2003/03swap/log-rules#"
atom,"http://www.w3.org/2005/Atom/"
irw,"http://www.ontologydesignpatterns.org/ont/web/irw.owl#"
hard,"http://www.w3.org/2007/uwa/context/hardware.owl#"
doc,"http://www.w3.org/2000/10/swap/pim/doc#"
osoc,"http://web-semantics.org/ns/opensocial#"
dailymed,"http://www4.wiwiss.fu-berlin.de/dailymed/resource/dailymed/"
eztag,"http://ontologies.ezweb.morfeo-project.org/eztag/ns#"
java,"http://www.w3.org/2007/uwa/context/java.owl#"
umbel,"http://umbel.org/umbel#"
lom,"http://ltsc.ieee.org/rdf/lomv1p0/lom#"
lingvoj,"http://www.lingvoj.org/ontology#"
nrl,"http://www.semanticdesktop.org/ontologies/2007/08/15/nrl#"
acc,"http://purl.org/NET/acc#"
contact,"http://www.w3.org/2000/10/swap/pim/contact#"
sail,"http://www.openrdf.org/config/sail#"
ptr,"http://www.w3.org/2009/pointers#"
fresnel,"http://www.w3.org/2004/09/fresnel#"
doclist,"http://www.junkwork.net/xml/DocumentList#"
ne,"http://umbel.org/umbel/ne/"
unit,"http://qudt.org/vocab/unit#"
hlisting,"http://sindice.com/hlisting/0.1/"
custom,"http://www.openrdf.org/config/sail/custom#"
music,"http://musicontology.com/"
smiley,"http://www.smileyontology.com/ns#"
spl,"http://spinrdf.org/spl#"
ibis,"http://purl.org/ibis#"
tl,"http://purl.org/NET/c4dm/timeline.owl#"
sp,"http://spinrdf.org/sp#"
prj,"http://purl.org/stuff/project/"
wnschema,"http://www.cogsci.princeton.edu/~wn/schema/"
osgb,"http://data.ordnancesurvey.co.uk/id/"
ping,"http://purl.org/net/pingback/"
test,"http://test2.example.com/"
h5,"http://buzzword.org.uk/rdf/h5#"
meetup,"http://www.lotico.com/meetup/"
time,"http://www.w3.org/2006/time#"
sml,"http://topbraid.org/sparqlmotionlib#"
formats,"http://www.w3.org/ns/formats/"
space,"http://purl.org/net/schemas/space/"
wv,"http://vocab.org/waiver/terms/"
acl,"http://www.w3.org/ns/auth/acl#"
exif,"http://www.w3.org/2003/12/exif/ns#"
resist,"http://www.rkbexplorer.com/ontologies/resist#"
lifecycle,"http://purl.org/vocab/lifecycle/schema#"
tdb,"http://jena.hpl.hp.com/2008/tdb#"
ncal,"http://www.semanticdesktop.org/ontologies/2007/04/02/ncal#"
sdl,"http://purl.org/vocab/riro/sdl#"
list,"http://www.w3.org/2000/10/swap/list#"
phss,"http://ns.poundhill.com/phss/1.0/"
net,"http://www.w3.org/2007/uwa/context/network.owl#"
xen,"http://buzzword.org.uk/rdf/xen#"
lfn,"http://www.dotnetrdf.org/leviathan#"
sm,"http://topbraid.org/sparqlmotion#"
omm,"http://purl.org/ontomedia/core/media#"
xhe,"http://buzzword.org.uk/rdf/xhtml-elements#"
moat,"http://moat-project.org/ns#"
biol,"http://purl.org/NET/biol/ns#"
pc,"http://purl.org/procurement/public-contracts#"
nmo,"http://www.semanticdesktop.org/ontologies/2007/03/22/nmo#"
tmo,"http://www.semanticdesktop.org/ontologies/2008/05/20/tmo#"
qdoslf,"http://foaf.qdos.com/lastfm/schema/"
tags,"http://www.holygoat.co.uk/owl/redwood/0.1/tags/"
swanqs,"http://purl.org/swan/1.2/qualifiers/"
swp,"http://www.w3.org/2004/03/trix/swp-2/"
trackback,"http://madskills.com/public/xml/rss/module/trackback/"
pr,"http://ontologi.es/profiling#"
pmlp,"http://inference-web.org/2.0/pml-provenance.owl#"
label,"http://purl.org/net/vocab/2004/03/label#"
gold,"http://purl.org/linguistics/gold/"
dcmitype,"http://purl.org/dc/dcmitype/"
product,"http://purl.org/commerce/product#"
so,"http://purl.org/ontology/symbolic-music/"
common,"http://www.w3.org/2007/uwa/context/common.owl#"
oat,"http://openlinksw.com/schemas/oat/"
nexif,"http://www.semanticdesktop.org/ontologies/2007/05/10/nexif#"
dbpediaowl,"http://dbpedia.org/ontology/"
smf,"http://topbraid.org/sparqlmotionfunctions#"
swandr,"http://purl.org/swan/1.2/discourse-relationships/"
climb,"http://climb.dataincubator.org/vocabs/climb/"
sim,"http://purl.org/ontology/similarity/"
web,"http://www.w3.org/2007/uwa/context/web.owl#"
ire,"http://www.ontologydesignpatterns.org/cpont/ire.owl#"
fed,"http://www.openrdf.org/config/sail/federation#"
lt,"http://diplomski.nelakolundzija.org/LTontology.rdf#"
sesame,"http://www.openrdf.org/schema/sesame#"
opensearch,"http://a9.com/-/spec/opensearch/1.1/"
gpt,"http://purl.org/vocab/riro/gpt#"
pmt,"http://tipsy.googlecode.com/svn/trunk/vocab/pmt#"
swh,"http://plugin.org.uk/swh-plugins/"
biocore,"http://bio2rdf.org/core:"
wisski,"http://wiss-ki.eu/"
bsbm,"http://www4.wiwiss.fu-berlin.de/bizer/bsbm/v01/vocabulary/"
like,"http://ontologi.es/like#"
opm,"http://openprovenance.org/ontology#"
cycann,"http://sw.cyc.com/CycAnnotations_v1#"
imreg,"http://www.w3.org/2004/02/image-regions#"
soft,"http://www.w3.org/2007/uwa/context/software.owl#"
states,"http://www.w3.org/2005/07/aaa#"
nid3,"http://www.semanticdesktop.org/ontologies/2007/05/10/nid3#"
crypto,"http://www.w3.org/2000/10/swap/crypto#"
grddl,"http://www.w3.org/2003/g/data-view#"
dummy,"http://hello.com/"
xesam,"http://freedesktop.org/standards/xesam/1.0/core#"
ddc,"http://purl.org/NET/decimalised#"
wgs84,"http://www.w3.org/2003/01/geo/wgs84_pos#"
frbre,"http://purl.org/vocab/frbr/extended#"
gob,"http://purl.org/ontology/last-fm/"
conserv,"http://conserv.deri.ie/ontology#"
ddl,"http://purl.org/vocab/riro/ddl#"
obj,"http://www.openrdf.org/rdf/2009/object#"
mysql,"http://web-semantics.org/ns/mysql/"
rdfa,"http://www.w3.org/ns/rdfa#"
push,"http://www.w3.org/2007/uwa/context/push.owl#"
resource,"http://purl.org/vocab/resourcelist/schema#"
xl,"http://langegger.at/xlwrap/vocab#"
swanag,"http://purl.org/swan/1.2/agents/"
am,"http://vocab.deri.ie/am#"
psych,"http://purl.org/vocab/psychometric-profile/"
xforms,"http://www.w3.org/2002/xforms/"
dcterm,"http://purl.org/dc/terms/"
sl,"http://www.semanlink.net/2001/00/semanlink-schema#"
prov,"http://www.w3.org/ns/prov#"
pmlr,"http://inference-web.org/2.0/pml-relation.owl#"
xhtmlvocab,"http://www.w3.org/1999/xhtml/vocab/"
urn,"http://fliqz.com/"
mf,"http://poshrdf.org/ns/mf#"
pimo,"http://www.semanticdesktop.org/ontologies/2007/11/01/pimo#"
string,"http://www.w3.org/2000/10/swap/string#"
sysont,"http://ns.ontowiki.net/SysOnt/"
play,"http://uriplay.org/spec/ontology/#"
profiling,"http://ontologi.es/profiling#"
plink,"http://buzzword.org.uk/rdf/personal-link-types#"
puc,"http://purl.org/NET/puc#"
dady,"http://purl.org/NET/dady#"
evset,"http://dsnotify.org/vocab/eventset/0.1/"
c4n,"http://vocab.deri.ie/c4n#"
uri,"http://purl.org/NET/uri#"
geographis,"http://telegraphis.net/ontology/geography/geography#"
scv,"http://purl.org/NET/scovo#"
cnt,"http://www.w3.org/2008/content#"
wairole,"http://www.w3.org/2005/01/wai-rdf/GUIRoleTaxonomy#"
bib,"http://zeitkunst.org/bibtex/0.1/bibtex.owl#"
wgs,"http://www.w3.org/2003/01/geo/wgs84_pos#"
coin,"http://purl.org/court/def/2009/coin#"
bibtex,"http://purl.oclc.org/NET/nknouf/ns/bibtex#"
swanpav,"http://purl.org/swan/1.2/pav/"
swivt,"http://semantic-mediawiki.org/swivt/1.0#"
tripfs,"http://purl.org/tripfs/2010/02#"
okkam,"http://models.okkam.org/ENS-core-vocabulary#"
ttl,"http://www.w3.org/2008/turtle#"
game,"http://data.totl.net/game/"
swanco,"http://purl.org/swan/1.2/swan-commons/"
ref,"http://purl.org/vocab/relationship/"
swanci,"http://purl.org/swan/1.2/citations/"
status,"http://ontologi.es/status#"
compass,"http://purl.org/net/compass#"
dbpp,"http://dbpedia.org/property/"
cco,"http://purl.org/ontology/cco/core#"
opo,"http://online-presence.net/opo/ns#"
ezcontext,"http://ontologies.ezweb.morfeo-project.org/ezcontext/ns#"
oc,"http://opencoinage.org/rdf/"
awol,"http://bblfish.net/work/atom-owl/2006-06-06/#"
rooms,"http://vocab.deri.ie/rooms#"
isq,"http://purl.org/ontology/is/quality/"
evopat,"http://ns.aksw.org/Evolution/"
timeline,"http://purl.org/NET/c4dm/timeline.owl#"
ldap,"http://purl.org/net/ldap/"
txn,"http://lod.taxonconcept.org/ontology/txn.owl#"
olo,"http://purl.org/ontology/olo/core#"
sparql,"http://www.openrdf.org/config/repository/sparql#"
lark1,"http://users.utcluj.ro/~raluca/ontology/Ontology1279614123500.owl#"
meteo,"http://purl.org/ns/meteo#"
isi,"http://purl.org/ontology/is/inst/"
wlp,"http://weblab-project.org/core/model/property/processing/"
tarot,"http://data.totl.net/tarot/card/"
ist,"http://purl.org/ontology/is/types/"
ct,"http://data.linkedct.org/resource/linkedct/"
anca,"http://users.utcluj.ro/~raluca/rdf_ontologies_ralu/ralu_modified_ontology_pizzas2_0#"
aifb,"http://www.aifb.kit.edu/id/"
pmlt,"http://inference-web.org/2.0/pml-trust.owl#"
whois,"http://www.kanzaki.com/ns/whois#"
kb,"http://deductions.sf.net/ontology/knowledge_base.owl#"
geoes,"http://geo.linkeddata.es/ontology/"
dayta,"http://dayta.me/resource#"
xbrli,"http://www.xbrl.org/2003/instance#"
swid,"http://semanticweb.org/id/"
prot,"http://www.proteinontology.info/po.owl#"
sdmx,"http://purl.org/linked-data/sdmx#"
wgspos,"http://www.w3.org/2003/01/geo/wgs84_pos#"
ufmedia,"http://purl.org/microformat/hmedia/"
opmv,"http://purl.org/net/opmv/ns#"
copyright,"http://rhizomik.net/ontologies/2008/05/copyrightonto.owl#"
xtypes,"http://purl.org/xtypes/"
remus,"http://www.semanticweb.org/ontologies/2010/6/Ontology1279614123500.owl#"
freebase,"http://rdf.freebase.com/ns/"
sawsdl,"http://www.w3.org/ns/sawsdl#"
cos,"http://www.inria.fr/acacia/corese#"
postcode,"http://data.ordnancesurvey.co.uk/id/postcodeunit/"
rulz,"http://purl.org/NET/rulz#"
pdo,"http://ontologies.smile.deri.ie/pdo#"
dnr,"http://www.dotnetrdf.org/configuration#"
ean,"http://openean.kaufkauf.net/id/"
hcterms,"http://purl.org/uF/hCard/terms/"
room,"http://vocab.deri.ie/rooms#"
act,"http://www.w3.org/2007/rif-builtin-action#"
eu,"http://eulersharp.sourceforge.net/2003/03swap/log-rules#"
sioca,"http://rdfs.org/sioc/actions#"
opus,"http://lsdis.cs.uga.edu/projects/semdis/opus#"
geospecies,"http://rdf.geospecies.org/ont/geospecies#"
nsa,"http://multimedialab.elis.ugent.be/organon/ontologies/ninsuna#"
loticoowl,"http://www.lotico.com/ontology/"
is,"http://purl.org/ontology/is/core#"
go,"http://www.geneontology.org/go#"
search,"http://sindice.com/vocab/search#"
gridworks,"http://purl.org/net/opmv/types/gridworks#"
dgfoaf,"http://west.uni-koblenz.de/ontologies/2010/07/dgfoaf.owl#"
conv,"http://purl.org/twc/vocab/conversion/"
ao,"http://purl.org/ontology/ao/core#"
derecho,"http://purl.org/derecho#"
dblp,"http://www4.wiwiss.fu-berlin.de/dblp/terms.rdf#"
languages,"http://eulersharp.sourceforge.net/2003/03swap/languages#"
pgterms,"http://www.gutenberg.org/2009/pgterms/"
yoda,"http://purl.org/NET/yoda#"
posh,"http://poshrdf.org/ns/posh/"
bookmark,"http://www.w3.org/2002/01/bookmark#"
gv,"http://rdf.data-vocabulary.org/#"
countries,"http://eulersharp.sourceforge.net/2003/03swap/countries#"
core,"http://vivoweb.org/ontology/core#"
linkedct,"http://data.linkedct.org/vocab/"
session,"http://redfoot.net/2005/session#"
com,"http://purl.org/commerce#"
eg,"http://eulergui.sourceforge.net/engine.owl#"
nt,"http://ns.inria.fr/nicetag/2010/09/09/voc#"
organism,"http://eulersharp.sourceforge.net/2003/03swap/organism#"
ma,"http://www.w3.org/ns/ma-ont#"
commons,"http://commons.psi.enakting.org/def/"
gn,"http://www.geonames.org/ontology#"
tripfs2,"http://purl.org/tripfs/2010/06#"
httph,"http://www.w3.org/2007/ont/httph#"
crm,"http://erlangen-crm.org/current/"
drug,"http://www.agfa.com/w3c/2009/drugTherapy#"
protons,"http://proton.semanticweb.org/2005/04/protons#"
organiz,"http://eulersharp.sourceforge.net/2003/03swap/organization#"
rail,"http://ontologi.es/rail/vocab#"
rnews,"http://iptc.org/std/rNews/2011-10-07#"
healthcare,"http://www.agfa.com/w3c/2009/healthCare#"
wordnet,"http://purl.org/vocabularies/princeton/wordnet/schema#"
human,"http://eulersharp.sourceforge.net/2003/03swap/human#"
odp,"http://ontologydesignpatterns.org/"
oboro,"http://obofoundry.org/ro/ro.owl#"
fab,"http://purl.org/fab/ns#"
enc,"http://www.w3.org/2001/04/xmlenc#"
w3p,"http://prov4j.org/w3p/"
toby,"http://tobyinkster.co.uk/#"
tio,"http://purl.org/tio/ns#"
geodata,"http://sws.geonames.org/"
rr,"http://www.w3.org/ns/r2rml#"
pbo,"http://purl.org/ontology/pbo/core#"
r2r,"http://www4.wiwiss.fu-berlin.de/bizer/r2r/"
provenir,"http://knoesis.wright.edu/provenir/provenir.owl#"
dul,"http://www.loa-cnr.it/ontologies/DUL.owl#"
webtlab,"http://webtlab.it.uc3m.es/"
lp,"http://launchpad.net/rdf/launchpad#"
elog,"http://eulersharp.sourceforge.net/2003/03swap/log-rules#"
pobo,"http://purl.obolibrary.org/obo/"
nocal,"http://vocab.deri.ie/nocal#"
cito,"http://purl.org/net/cito/"
phil,"http://philosurfical.open.ac.uk/ontology/philosurfical.owl/"
esd,"http://def.esd.org.uk/"
xro,"http://purl.org/xro/ns#"
lvont,"http://lexvo.org/ontology#"
agents,"http://eulersharp.sourceforge.net/2003/03swap/agent#"
sindice,"http://vocab.sindice.net/"
dbprop,"http://dbpedia.org/property/"
malignneo,"http://www.agfa.com/w3c/2009/malignantNeoplasm#"
events,"http://eulersharp.sourceforge.net/2003/03swap/event#"
humanbody,"http://eulersharp.sourceforge.net/2003/03swap/humanBody#"
xfnv,"http://vocab.sindice.com/xfn#"
schema,"http://schema.org/"
bioskos,"http://eulersharp.sourceforge.net/2003/03swap/bioSKOSSchemes#"
muo,"http://purl.oclc.org/NET/muo/muo#"
ass,"http://uptheasset.org/ontology#"
vso,"http://purl.org/vso/ns#"
quak,"http://dev.w3.org/cvsweb/2000/quacken/vocab#"
nndsr,"http://semanticdiet.com/schema/usda/nndsr/"
agetec,"http://www.agetec.org/"
edm,"http://www.europeana.eu/schemas/edm/"
conversion,"http://purl.org/twc/vocab/conversion/"
req,"http://ns.softwiki.de/req/"
units,"http://eulersharp.sourceforge.net/2003/03swap/unitsExtension#"
zbwext,"http://zbw.eu/namespaces/zbw-extensions/"
linkedmdb,"http://data.linkedmdb.org/sparql/"
genab,"http://eulersharp.sourceforge.net/2003/03swap/genomeAbnormality#"
gd,"http://rdf.data-vocabulary.org/#"
aair,"http://xmlns.notu.be/aair#"
prism,"http://prismstandard.org/namespaces/basic/2.0/"
ps,"http://purl.org/payswarm#"
payment,"http://reference.data.gov.uk/def/payment#"
sport,"http://www.bbc.co.uk/ontologies/sport/"
xsl,"http://www.w3.org/1999/XSL/Transform#"
ceo,"http://www.ebusiness-unibw.org/ontologies/consumerelectronics/v1#"
lgdo,"http://linkedgeodata.org/ontology/"
hemogram,"http://www.agfa.com/w3c/2009/hemogram#"
agent,"http://eulersharp.sourceforge.net/2003/03swap/agent#"
prvr,"http://purl.org/ontology/prv/rules#"
prissma,"http://ns.inria.fr/prissma/v1#"
db,"http://dbpedia.org/"
address,"http://schemas.talis.com/2005/address/schema#"
opwn,"http://www.ontologyportal.org/WordNet.owl#"
hospital,"http://www.agfa.com/w3c/2009/hospital#"
eat,"http://www.awesomesauce.net/urmom/"
xds,"http://www.w3.org/2001/XMLSchema#"
admingeo,"http://data.ordnancesurvey.co.uk/ontology/admingeo/"
umbelrc,"http://umbel.org/umbel/rc/"
pom,"http://maven.apache.org/POM/4.0.0#"
care,"http://eulersharp.sourceforge.net/2003/03swap/care#"
cordis,"http://www4.wiwiss.fu-berlin.de/cordis/resource/cordis/"
govwild,"http://govwild.org/ontology/GWOntology.owl#"
theatre,"http://purl.org/theatre#"
openlinks,"http://www.openlinksw.com/schemas/virtrdf#"
quantities,"http://eulersharp.sourceforge.net/2003/03swap/quantitiesExtension#"
uni,"http://purl.org/weso/uni/uni.html#"
card,"http://www.ashutosh.com/test/"
wai,"http://purl.org/wai#"
wao,"http://webtlab.it.uc3m.es/2010/10/WebAppsOntology#"
ui,"http://www.w3.org/ns/ui#"
c4o,"http://purl.org/spar/c4o/"
tei,"http://www.tei-c.org/ns/1.0/"
ro,"http://purl.org/obo/owl/ro#"
clinproc,"http://www.agfa.com/w3c/2009/clinicalProcedure#"
environ,"http://eulersharp.sourceforge.net/2003/03swap/environment#"
lod2,"http://lod2.eu/schema/"
sig,"http://purl.org/signature#"
voaf,"http://mondeca.com/foaf/voaf#"
gelo,"http://krauthammerlab.med.yale.edu/ontologies/gelo#"
cube,"http://purl.org/linked-data/cube#"
hartigprov,"http://purl.org/net/provenance/ns#"
prvtypes,"http://purl.org/net/provenance/types#"
decl,"http://www.linkedmodel.org/1.0/schema/decl#"
coeus,"http://bioinformatics.ua.pt/coeus/"
span,"http://www.ifomis.org/bfo/1.1/span#"
transmed,"http://www.w3.org/2001/sw/hcls/ns/transmed/"
obo,"http://purl.obolibrary.org/obo/"
semtweet,"http://semantictweet.com/"
dgtwc,"http://data-gov.tw.rpi.edu/2009/data-gov-twc.rdf#"
wf,"http://www.w3.org/2005/01/wf/flow#"
clineva,"http://www.agfa.com/w3c/2009/clinicalEvaluation#"
cpm,"http://catalogus-professorum.org/cpm/"
scsv,"http://purl.org/NET/schema-org-csv#"
infection,"http://www.agfa.com/w3c/2009/infectiousDisorder#"
scowt,"http://purl.org/weso/ontologies/scowt#"
aneo,"http://akonadi-project.org/ontologies/aneo#"
hints2005,"http://purl.org/twc/cabig/model/HINTS2005-1.owl#"
zem,"http://s.zemanta.com/ns#"
res,"http://www.w3.org/2005/sparql-results#"
lib,"http://schemas.talis.com/2005/library/schema#"
ccard,"http://purl.org/commerce/creditcard#"
arch,"http://purl.org/archival/vocab/arch#"
p20,"http://zbw.eu/beta/p20/vocab/"
sco,"http://purl.org/ontology/sco#"
atomowl,"http://bblfish.net/work/atom-owl/2006-06-06/#"
ccom,"http://purl.org/ontology/cco/mappings#"
olia,"http://purl.org/olia/olia.owl#"
skip,"http://skipforward.net/skipforward/resource/"
out,"http://ontologies.hypios.com/out#"
eco,"http://www.ebusiness-unibw.org/ontologies/eclass/5.1.4/#"
voag,"http://voag.linkedmodel.org/schema/voag#"
cpv,"http://purl.org/weso/cpv/"
disease,"http://www.agfa.com/w3c/2009/humanDisorder#"
edam,"http://purl.bioontology.org/ontology/EDAM/"
spatial,"http://geovocab.org/spatial#"
pos,"http://www.w3.org/2003/01/geo/wgs84_pos#"
vaem,"http://www.linkedmodel.org/schema/vaem#"
cmo,"http://purl.org/twc/ontologies/cmo.owl#"
campsite,"http://www.openlinksw.com/campsites/schema#"
vcard2006,"http://www.w3.org/2006/vcard/ns#"
sioctypes,"http://rdfs.org/sioc/types#"
ann,"http://www.w3.org/2000/10/annotation-ns#"
diseasome,"http://www4.wiwiss.fu-berlin.de/diseasome/resource/diseasome/"
gc,"http://www.oegov.org/core/owl/gc#"
bcnnorms,"http://datos.bcn.cl/ontologies/bcn-norms#"
sio,"http://semanticscience.org/resource/"
ngeo,"http://geovocab.org/geometry#"
owls,"http://www.daml.org/services/owl-s/1.2/Service.owl#"
rv,"http://wifo-ravensburg.de/semanticweb.rdf#"
saxon,"http://saxon.sf.net/"
soap,"http://www.w3.org/2003/05/soap-envelope/"
gml,"http://www.opengis.net/gml/"
dtype,"http://www.linkedmodel.org/schema/dtype#"
prog,"http://purl.org/prog/"
httpvoc,"http://www.w3.org/2006/http#"
mte,"http://nl.ijs.si/ME/owl/"
s4ac,"http://ns.inria.fr/s4ac/v2#"
mtecore,"http://purl.org/olia/mte/multext-east.owl#"
vitro,"http://vitro.mannlib.cornell.edu/ns/vitro/public#"
iron,"http://purl.org/ontology/iron#"
rich,"http://rdf.data-vocabulary.org/"
rdo,"http://purl.org/rdo/ns#"
name,"http://example.org/name#"
rdfdf,"http://www.openlinksw.com/virtrdf-data-formats#"
oboso,"http://purl.org/obo/owl/SO#"
ppo,"http://vocab.deri.ie/ppo#"
greg,"http://kasei.us/about/foaf.xrdf#"
hcard,"http://purl.org/uF/hCard/terms/"
eye,"http://jena.hpl.hp.com/Eyeball#"
kw,"http://kwantu.net/kw/"
steel,"http://ontorule-project.eu/resources/steel-30#"
telmap,"http://purl.org/telmap/"
biordf,"http://purl.org/net/biordfmicroarray/ns#"
govtrackus,"http://www.rdfabout.com/rdf/usgov/geo/us/"
vsto,"http://escience.rpi.edu/ontology/vsto/2/0/vsto.owl#"
gazetteer,"http://data.ordnancesurvey.co.uk/ontology/50kGazetteer/"
wm,"http://ns.inria.fr/webmarks#"
pns,"http://data.press.net/ontology/stuff/"
vivo,"http://vivoweb.org/ontology/core#"
fct,"http://openlinksw.com/services/facets/1.0/"
rdb,"http://www.dbs.cs.uni-duesseldorf.de/RDF/relational#"
mei,"http://www.music-encoding.org/ns/mei/"
place,"http://purl.org/ontology/places/"
nytimes,"http://data.nytimes.com/elements/"
ogp,"http://ogp.me/ns#"
aims,"http://aims.fao.org/aos/common/"
teach,"http://linkedscience.org/teach/ns#"
lodac,"http://lod.ac/ns/lodac#"
shv,"http://ns.aksw.org/spatialHierarchy/"
oper,"http://sweet.jpl.nasa.gov/2.0/mathOperation.owl#"
coo,"http://purl.org/coo/ns#"
iao,"http://purl.obolibrary.org/obo/iao.owl#"
fingal,"http://vocab.deri.ie/fingal#"
fabio,"http://purl.org/spar/fabio#"
skiresort,"http://www.openlinksw.com/ski_resorts/schema#"
qudt,"http://qudt.org/1.1/schema/qudt#"
uta,"http://uptheasset.org/ontology#"
s3db,"http://www.s3db.org/core#"
ms,"http://purl.org/obo/owl/MS#"
aapi,"http://rdf.alchemyapi.com/rdf/v1/s/aapi-schema#"
sec,"http://purl.org/security#"
eui,"http://institutions.publicdata.eu/#"
telix,"http://purl.org/telix#"
visko,"http://trust.utep.edu/visko/ontology/visko-operator-v3.owl#"
re,"http://www.w3.org/2000/10/swap/reason#"
owlse,"http://www.daml.org/services/owl-s/1.2/generic/Expression.owl#"
tmpl,"http://purl.org/restdesc/http-template#"
w3con,"http://www.w3.org/2000/10/swap/pim/contact#"
str,"http://nlp2rdf.lod2.eu/schema/string/"
lgv,"http://linkedgeodata.org/ontology/"
vcardx,"http://buzzword.org.uk/rdf/vcardx#"
water,"http://escience.rpi.edu/ontology/semanteco/2/0/water.owl#"
gesis,"http://lod.gesis.org/lodpilot/ALLBUS/vocab.rdf#"
jita,"http://aims.fao.org/aos/jita/"
kontakt,"http://richard.cyganiak.de/"
dawgt,"http://www.w3.org/2001/sw/DataAccess/tests/test-dawg#"
geovocab,"http://geovocab.org/"
artstor,"http://simile.mit.edu/2003/10/ontologies/artstor#"
xch,"http://oanda2rdf.appspot.com/xch/"
cheminf,"http://www.semanticweb.org/ontologies/cheminf.owl#"
psh,"http://psh.techlib.cz/skos/"
htir,"http://www.w3.org/2011/http#"
obs,""
pf,"http://jena.hpl.hp.com/ARQ/property#"
bcngeo,"http://datos.bcn.cl/ontologies/bcn-geographics#"
frbrcore,"http://purl.org/vocab/frbr/core#"
overheid,"http://standaarden.overheid.nl/owms/"
sso,"http://nlp2rdf.lod2.eu/schema/sso/"
cvbase,"http://purl.org/captsolo/resume-rdf/0.2/base#"
rating,"http://www.tvblob.com/ratings/#"
ocd,"http://dati.camera.it/ocd/"
georss,"http://www.georss.org/georss/"
wikipedia,"http://www.systemone.at/2006/03/wikipedia#"
rpubl,"http://rinfo.lagrummet.se/ns/2008/11/rinfo/publ#"
frir,"http://purl.org/twc/ontology/frir.owl#"
xt,"http://purl.org/twc/vocab/cross-topix#"
nsogi,"http://prefix.cc/nsogi:"
library,"http://purl.org/library/"
viskov,"http://trust.utep.edu/visko/ontology/visko-view-v3.owl#"
mygrid,"http://www.mygrid.org.uk/ontology#"
acco,"http://purl.org/acco/ns#"
places,"http://purl.org/ontology/places#"
cdm,"http://purl.org/twc/ontology/cdm.owl#"
infosys,"http://www.infosys.com/"
dwc,"http://rs.tdwg.org/dwc/terms/"
datafaqs,"http://purl.org/twc/vocab/datafaqs#"
gbv,"http://purl.org/ontology/gbv/"
b2rpubchem,"http://bio2rdf.org/ns/ns/ns/pubchem#"
transit,"http://vocab.org/transit/terms/"
vdpp,"http://data.lirmm.fr/ontologies/vdpp#"
pois,"http://purl.oclc.org/POIS/vcblr#"
chebi,"http://bio2rdf.org/chebi:"
gnd,"http://d-nb.info/gnd/"
example,"http://www.example.org/rdf#"
madsrdf,"http://www.loc.gov/mads/rdf/v1#"
italy,"http://data.kasabi.com/dataset/italy/schema/"
daiaserv,"http://purl.org/ontology/daia/Service/"
identity,"http://purl.org/twc/ontologies/identity.owl#"
wfdesc,"http://purl.org/wf4ever/wfdesc#"
fc,"http://www.freeclass.eu/freeclass_v1#"
biopax,"http://bio2rdf.org/ns/biopax#"
rdfdata,"http://rdf.data-vocabulary.org/rdf.xml#"
arecipe,"http://purl.org/amicroformat/arecipe/"
viskoo,"http://trust.utep.edu/visko/ontology/visko-operator-v3.owl#"
protegedc,"http://protege.stanford.edu/plugins/owl/dc/protege-dc.owl#"
efo,"http://www.ebi.ac.uk/efo/"
eunis,"http://eunis.eea.europa.eu/rdf/species-schema.rdf#"
calli,"http://callimachusproject.org/rdf/2009/framework#"
bcnbio,"http://datos.bcn.cl/ontologies/bcn-biographies#"
harrisons,"http://harrisons.cc/"
c4dm,"http://purl.org/NET/c4dm/event.owl#"
interval,"http://reference.data.gov.uk/def/intervals/"
sdmxdim,"http://purl.org/linked-data/sdmx/2009/dimension#"
isbd,"http://iflastandards.info/ns/isbd/elements/"
pro,"http://purl.org/hpi/patchr#"
dbptmpl,"http://dbpedia.org/resource/Template:"
nuts,"http://nuts.psi.enakting.org/id/BE335/doc/"
np,"http://www.nanopub.org/nschema#"
xlink,"http://www.w3.org/1999/xlink/"
tcga,"http://purl.org/tcga/core#"
wsc,"http://www.openk.org/wscaim.owl#"
grs,"http://www.georss.org/georss/"
recipe,"http://linkedrecipes.org/schema/"
ipad,"http://www.padinthecity.com/"
prf,"http://www.openmobilealliance.org/tech/profiles/UAPROF/ccppschema-20021212#"
eprints,"http://eprints.org/ontology/"
vvo,"http://purl.org/vvo/ns#"
func,"http://www.w3.org/2007/rif-builtin-function#"
d2r,"http://sites.wiwiss.fu-berlin.de/suhl/bizer/d2r-server/config.rdf#"
blt,"http://data.bl.uk/schema/bibliographic#"
moby,"http://www.mygrid.org.uk/mygrid-moby-service#"
rdagr1,"http://rdvocab.info/Elements/"
cbase,"http://ontologycentral.com/2010/05/cb/vocab#"
wp,"http://vocabularies.wikipathways.org/"
swpatho,"http://swpatho.ag-nbi.de/context/meta.owl#"
ospost,"http://data.ordnancesurvey.co.uk/ontology/postcode/"
bcncon,"http://datos.bcn.cl/ontologies/bcn-congress#"
omapi,"http://purl.org/omapi/0.2/#"
fise,"http://fise.iks-project.eu/ontology/"
osukdt,"http://www.ordnancesurvey.co.uk/ontology/Datatypes.owl#"
fl,"http://eulersharp.sourceforge.net/2003/03swap/fl-rules#"
open,"http://open.vocab.org/terms/"
rdamedia,"http://rdvocab.info/termList/RDAMediaType/"
goef,"http://purl.org/twc/vocab/goef#"
muto,"http://purl.org/muto/core#"
omv,"http://omv.ontoware.org/2005/05/ontology#"
enhancer,"http://stanbol.apache.org/ontology/enhancer/enhancer#"
poder,"http://poderopedia.com/vocab/"
wscaim,"http://www.openk.org/wscaim.owl#"
geom,"http://geovocab.org/geometry#"
pol,"http://escience.rpi.edu/ontology/semanteco/2/0/pollution.owl#"
vsw,"http://verticalsearchworks.com/ontology/"
aerols,"http://xmlns.com/aerols/0.1/"
ssn,"http://www.w3.org/2005/Incubator/ssn/ssnx/ssn#"
ends,"http://labs.mondeca.com/vocab/endpointStatus#"
puelia,"http://kwijibo.talis.com/vocabs/puelia#"
tblcard,"http://www.w3.org/People/Berners-Lee/card#"
lr,"http://linkedrecipes.org/schema/"
oboe,"http://ecoinformatics.org/oboe/oboe.1.0/oboe-core.owl#"
webbox,"http://webbox.ecs.soton.ac.uk/ns#"
voidp,"http://www.enakting.org/provenance/voidp/"
metalex,"http://www.metalex.eu/schema/1.0#"
vsr,"http://purl.org/twc/vocab/vsr#"
cis,"http://purl.org/NET/cloudisus#"
fls,"http://lukasblaho.sk/football_league_schema#"
life,"http://life.deri.ie/schema/"
rda,"http://rdvocab.info/elements/"
rdrel,"http://rdvocab.info/RDARelationshipsWEMI/"
cogs,"http://vocab.deri.ie/cogs#"
npg,"http://ns.nature.com/terms/"
rec54,"http://www.w3.org/2001/02pd/rec54.rdf#"
muni,"http://purl.org/ontology/muni#"
rdacarrier,"http://rdvocab.info/termList/RDACarrierType/"
ogorg,"http://opengraph.org/schema/"
marcrel,"http://id.loc.gov/vocabulary/relators/"
mohammad,"http://manesht.ir/"
wbp,"http://worldbank.270a.info/property/"
pna,"http://data.press.net/ontology/asset/"
mpeg7,"http://rhizomik.net/ontologies/2005/03/Mpeg7-2001.owl#"
lctr,"http://data.linkedct.org/vocab/resource/"
lexvo,"http://lexvo.org/ontology#"
s2s,"http://escience.rpi.edu/ontology/sesf/s2s/2/0/"
hg,"http://www.holygoat.co.uk/owl/redwood/0.1/tags/"
ql,"http://www.w3.org/2004/ql#"
wbc,"http://worldbank.270a.info/classification/"
marl,"http://purl.org/marl/ns#"
prviv,"http://purl.org/net/provenance/integrity#"
germplasm,"http://purl.org/germplasm/terms#"
pav,"http://purl.org/pav/"
xkos,"http://purl.org/linked-data/xkos#"
scufl2,"http://ns.taverna.org.uk/2010/scufl2#"
pccz,"http://purl.org/procurement/public-contracts-czech#"
pml,"http://provenanceweb.org/ns/pml#"
kupkb,"http://www.e-lico.eu/data/kupkb/"
npgd,"http://ns.nature.com/datasets/"
carfo,"http://purl.org/carfo#"
ncbitaxon,"http://purl.org/obo/owl/NCBITaxon#"
cts2,"http://schema.omg.org/spec/CTS2/1.0/"
lemon,"http://www.monnet-project.eu/lemon#"
cao,"http://purl.org/makolab/caont/"
dive,"http://scubadive.networld.to/dive.rdf#"
eumida,"http://data.kasabi.com/dataset/eumida/terms/"
lv,"http://lobid.org/vocab/lobid#"
pne,"http://data.press.net/ontology/event/"
fcm,"http://eulersharp.sourceforge.net/2006/02swap/fcm#"
intervals,"http://reference.data.gov.uk/def/intervals/"
cerif,"http://spi-fm.uca.es/neologism/cerif#"
no,"http://km.aifb.kit.edu/projects/numbers/number#"
okg,"http://openknowledgegraph.org/ontology/"
category,"http://dbpedia.org/resource/Category:"
sdgp,"http://stats.data-gov.ie/property/"
br,"http://purl.org/business-register#"
oac,"http://www.openannotation.org/ns/"
arg,"http://rdfs.org/sioc/argument#"
ngeoi,"http://vocab.lenka.no/geo-deling#"
wkd,"http://schema.wolterskluwer.de/"
prism21,"http://prismstandard.org/namespaces/basic/2.1/"
wfprov,"http://purl.org/wf4ever/wfprov#"
rdacontent,"http://rdvocab.info/termList/RDAContentType/"
r4ta,"http://ns.inria.fr/ratio4ta/v1#"
flow,"http://www.w3.org/2005/01/wf/flow#"
npgg,"http://ns.nature.com/graphs/"
vapour,"http://vapour.sourceforge.net/vocab.rdf#"
vsws,"http://verticalsearchworks.com/ontology/synset#"
sgv,"http://www.w3.org/TR/SVG/"
dpl,"http://dbpedialite.org/things/"
myprefix,"http://myprefix.org/"
aers,"http://aers.data2semantics.org/resource/"
admssw,"http://purl.org/adms/sw/"
onssprel,"http://www.ordnancesurvey.co.uk/ontology/SpatialRelations/v0.2/SpatialRelations.owl#"
r2rml,"http://www.w3.org/ns/r2rml#"
pay,"http://purl.org/commerce/payment#"
npgx,"http://ns.nature.com/extensions/"
spif,"http://spinrdf.org/spif#"
icaltzd,"http://www.w3.org/2002/12/cal/icaltzd#"
all,""
google,""
health,"http://purl.org/twc/health/vocab/"
bp,"http://open-services.net/ns/basicProfile#"
rssynd,"http://web.resource.org/rss/1.0/modules/syndication/"
xml,""
set,"http://www.w3.org/2000/10/swap/set#"
sitemap,""
person,"http://www.w3.org/ns/person#"
visit,"http://purl.org/net/vocab/2004/07/visit#"
pkmn,"http://pokedex.dataincubator.org/pkm/"
osmsemnet,"http://spatial.ucd.ie/2012/08/osmsemnet/"
pingback,"http://purl.org/net/pingback/"
ero,"http://purl.obolibrary.org/obo/"
demiblog,""
food,"http://data.lirmm.fr/ontologies/food#"
porn,""
bif,""
asn,"http://purl.org/ASN/schema/core/"
wn20,"http://www.w3.org/2006/03/wn/wn20/"
eseduc,"http://www.purl.org/ontologia/eseduc#"
arpfo,"http://vocab.ouls.ox.ac.uk/projectfunding#"
genea,"http://www.owl-ontologies.com/generations.owl#"
owltime,"http://www.w3.org/TR/owl-time#"
review,""
viaf,"http://viaf.org/ontology/1.1/#"
agg,"http://purl.org/twc/health/vocab/aggregate/"
blog,""
laposte,"http://data.lirmm.fr/ontologies/laposte#"
purl,""
dce,"http://purl.org/dc/elements/1.1/"
dsp,"http://purl.org/metainfo/terms/dsp#"
osn,"http://spatial.ucd.ie/lod/osn/"
tw,""
dpbr,""
rd,""
pr0n,""
ens,"http://models.okkam.org/ENS-core-vocabulary.owl#"
xmls,"http://www.w3.org/2001/XMLSchema#"
dco,"http://deepcarbon.net/"
foo,""
anzo,""
html,""
n3,""
lex,"http://purl.org/lex#"
trix,""
dnb,"http://d-nb.info/gnd/"
oa,"http://www.w3.org/ns/openannotation/core/"
bne,"http://datos.bne.es/resource/"
hgnc,"http://bio2rdf.org/hgnc:"
svg,""
term,""
abr,""
type,""
likes,""
xsi,""
cml,""
index,""
mime,""
meshr,""
dcr,"http://www.isocat.org/ns/dcr.rdf#"
atomrdf,"http://atomowl.org/ontologies/atomrdf#"
iso,""
ftp,""
sql,""
gawd,"http://gawd.atlantides.org/terms/"
dcmi,""
owl2,""
ttp,""
b2bo,"http://purl.org/iig2/b2bo#"
sw,""
mailto,""
ge,""
foafgeo,""
ev,""
imgn,""
cl,""
foa,""
hat,""
opencyc,""
aowl,""
map,""
kwiji,""
marshall,"http://sites.google.com/site/xgmaitc/"
xbrl,""
imdb,""
sf,""
eswc,""
xh,""
mm,""
veg,""
fast,""
nana,""
ow,""
sk,""
rfds,""
isbn,""
json,""
ol,""
dd,""
uco,"http://purl.org/uco/ns#"
ce,""
le,""
soc,""
loaf,""
def,""
comic,""
raw,""
fo,""
rdfss,""
abstract,""
dt,""
cios,""
rob,""
www,""
xslt,""
rc,""
langware,""
info,""
kwi,""
vo,""
dbpedia2,""
txt,""
disco,"http://vocab.ddialliance.org/discovery#"
nap,""
xxx,""
fwfwef,""
resourc,""
cmg,""
date,""
terms,""
trunk,""
lucene,""
ter,""
vcal,""
dbont,""
bar,""
bd,"http://www.bigdata.com/rdf/search#"
igeo,"http://rdf.insee.fr/def/geo#"
sdf,""
csv,""
town,""
semsl,""
ruleml,""
rat,""
dctitle,""
gaul,""
in,""
dssn,"http://purl.org/net/dssn/"
revrevrevr,""
konfidi,""
sgae,""
voi,""
testx,""
pow,""
dfsdf,""
openvocab,""
prefix,"http://prefix.cc/"
apivc,"http://purl.org/linked-data/api/vocab#"
bs,""
cme,""
foafx,""
fips,""
creator,""
aii,""
xpath,""
ds,""
marcont,""
gsp,"http://www.opengis.net/ont/geosparql#"
siocterms,""
wolf,""
yayo,""
x3d,""
scov,""
erratic,""
cid,""
kdo,"http://kdo.render-project.eu/kdo#"
lyou,"http://purl.org/linkingyou/"
hello,""
near,""
back,""
lore,""
logan,""
retail,""
extn,""
double,""
red,""
ai,""
clim,""
nid,""
mp3,""
road,""
ini,""
turtle,""
randomqb,""
mb,""
animal,""
powed,""
ianalink,""
river,""
me,""
ekaw,"http://data.semanticweb.org/conference/ekaw/2012/complete/"
soic,""
isa,""
tmdm,""
scoo,""
powd,""
wgs84geo,""
iana,""
xvh,""
xmlns,""
wolfe,""
owlx,""
dbc,""
powe,""
ofaf,""
sko,""
dataview,""
skot,""
agrovoc,""
cw,""
ianarel,""
project,""
load,""
sxsd,""
wl,""
cidoccrm,"http://purl.org/NET/cidoc-crm/core#"
did,""
kontakthtt,""
city,""
bioont,""
fgt,""
assert,""
nhie,""
dpb,""
cmd,""
xx,""
b2r,""
vocab,""
dii,""
ctags,""
katherine,""
resour,""
country,""
kwijib,""
xxxx,""
resou,""
world,""
ax,""
wknl,""
epx,""
dbpo,""
https,""
solcrux,""
lattes,""
iso2,""
tom,""
n3d,""
usgovt,""
xmlschema,""
swan,""
close,""
sdp,""
gxa,"http://www.ebi.ac.uk/gxa/"
frdf,""
homepage,""
delete,""
redf,""
weather,""
cmf,""
image,""
imd,""
xlwrap,""
upm,""
bi,""
syc,""
locate,""
company,""
envinfo,""
capital,""
dcty,""
oegov,""
httpv,""
geowgs84,""
range,""
mathml,""
omim,""
knows,""
xhtmlvoc,""
eurostat,""
lda,""
friend,""
examplethe,""
linkeddata,""
dcc,""
van,""
shortcut,""
config,""
sensor,""
title,""
revyu,""
olw,""
cmh,""
swn,""
crc,""
mesh,""
language,""
help,""
wott,""
xht,""
premis,""
aersv,"http://aers.data2semantics.org/vocab/"
discogs,""
property,""
owlk,""
revy,""
plain,""
xhtlm,""
drop,""
school,""
changeset,""
primi,""
foobar,""
composite,""
scioc,""
df,""
ep,""
ns,""
tegula,""
egov,""
ttt,""
fos,"http://futurios.org/fos/spec/"
apf,""
test5,""
wgs84pos,""
rss2,""
cms,""
ns0,""
xst,""
claros,""
cd,""
picasa,""
rbib,""
lexinfo,""
test4,""
highway,""
works,""
xlw,""
orgrep,""
sbo,""
ec,""
salut,""
gpx,""
bm,""
svn,""
dis,""
singer,""
twitter,""
pw,""
mvcm,""
location,""
comment,""
xasd,""
longitude,""
photo,""
lmf,""
bea,""
dp,""
lic,""
aat,""
proton,""
oarj,"http://opendepot.org/reference/linked/1.0/"
skos2,""
test3,""
please,""
education,""
stdm,""
prvtype,""
virtrdf,""
jps,""
fin,""
l4a,"http://labels4all.info/ns/"
powede,""
img,""
test1,""
suny,""
license,""
faun,""
dpr,""
rdfschema,""
uf,""
sile,""
multi,""
humans,""
dctypes,""
ns13,""
sameas,""
sedfsd,""
hot,""
jdl,""
rs,""
pdf,""
xmi,""
jjd,"http://www.joshuajeeson.com/"
message,""
inter,""
misc,""
qs,""
rdfn3,""
author,""
scos,""
mc,""
pepe,""
fbase,""
vc,""
mil,""
moi,""
occult,""
foafl,""
ani,""
genre,""
sarest,""
plays,""
pkm,""
nxu,""
bbc,""
dbpr,""
hm,""
rsscontent,""
skkos,""
de,""
xoev,""
kd,""
mw,""
wgc84,""
id,""
oax,"http://www.w3.org/ns/openannotation/extensions/"
compound,""
stuff,""
wang,""
fx,""
foafrdf,""
pt,""
fred,""
pim,""
nba,""
tf,""
sos,""
rddf,""
dg,""
cen,""
cap,""
artist,""
genesis,""
ddms,""
seealso,""
dublincore,""
email,""
mtag,""
nyse,""
dfdfsdf,""
silefs,""
rdl,""
dolce,""
annot,""
vid,""
dq,""
sub,""
w3po,"http://purl.org/provenance#"
photoshop,"http://ns.adobe.com/photoshop/1.0/"
bookmashup,""
foafperson,""
wam,""
class,""
skso,""
vevent,""
swap,""
mov,""
testa,""
aboutindex,""
gov,""
asa,""
foad,""
latitude,""
gdf,""
patch,""
workflow,""
acronym,""
wpen,""
amsterdam,""
n0pred,""
sprache,""
foaf55,""
people,""
httpe,""
opoactions,""
wi,""
shk,""
isct,""
course,""
xdt,""
rdfsns,""
nxp,"http://purl.org/nxp/schema/v1/"
symantec,""
calendar,""
friends,""
rm,""
icalzdt,""
csd,""
sumo,""
ime,""
rdffs,""
riese,""
foafnew,""
smw,""
rds,""
mrdl,""
exif2000,""
fs,""
mass,""
annotea,""
ss,""
file,""
icaltz,""
css,""
pdb,""
causation,""
reds,""
dfs,""
skis,""
wtf,""
ordnance,""
semsna,""
dpedia,""
pubchem,""
micha1,""
scoville,""
jeromedl,""
asdf,""
gtbnkgh,""
sprint,""
talis,""
acita,""
computer,""
doa,""
tp,""
vivoweb,""
rico,""
hom,""
foafopm,""
helloworld,""
pred,""
lol,""
obi,""
contac,""
noexiste,""
ccc,""
neo,""
particip,"http://purl.org/vocab/participation/schema#"
swrcext,""
iqv,""
skod,""
smith,""
ho,""
rrr,""
baetle,""
fr,""
cern,""
sfc,""
lod,""
stats,""
du,""
zhuoerwang,""
geop,""
libary,""
sex,""
idemo,"http://rdf.insee.fr/graphes/def/demo#"
webarch,""
beer,""
dcte,""
wk,""
msg,""
chess,""
energy,""
dcterrms,""
zxd,""
remusz,""
state,""
xmp,""
cabig,""
astronomy,""
virt,""
wa,""
ssv,""
hmedia,""
snomed,""
call,""
dcindex,""
icom,""
same,""
dbpres,""
swarch,""
gem,""
bibocto,""
point,""
chem,""
eowl,""
dm,""
price,""
anc,""
larkc,""
papi,""
m3o,""
socialml,""
bioportal,""
student,""
research,""
naptan,""
tweet,""
translate,""
wiki,""
doaml,""
simile,""
blah,""
booo,""
dbproperty,""
stat,""
graph,""
hevent,""
fdiez,""
uns,""
cidoc,""
scr,""
artsdb,""
ast,""
contains,""
geoname,""
flash,""
rate,""
mega,""
uberblic,""
sarkozy,""
related,""
icaldtz,""
vcarddc11,""
dctt,""
huh,""
color,""
micha,""
semic,""
col,""
as,""
dso,""
voc,""
eventws,""
biomed,""
wsg,""
domain,""
youtube,""
thalia,""
pronto,""
pront,""
commontag,""
mmi,""
court,""
store,""
yyzhou,""
ei,""
tekniker,""
kdsna,""
rares,""
gx,""
gpxx,""
wsb,""
icalzd,""
dpd,""
nw,""
pub,""
vi,""
proj,""
parent,""
abou,""
strdf,"http://strdf.di.uoa.gr/ontology#"
spac,""
ltool,""
rdfcal,""
ymedia,""
hdp,""
que,""
rubric,""
ogov,""
libris,""
nofollow,""
iso8601,""
loasd,""
otn,""
history,""
uduvudu,""
bex,""
xquery,""
goes,""
orgf,""
markytka,""
vm,""
genid,""
sxd,""
swoogle,""
foafs,""
sfo,""
rsfs,""
popula,""
steven,""
scada,""
sct,""
theater,""
rgi,""
tengwar,""
vehicle,""
ecademy,""
weblog,""
upf,""
up,""
wsg84,""
news,""
pronom,"http://reference.data.gov.uk/technical-registry/"
intelweb,""
top,""
colour,""
law,""
festival,""
antisocial,""
weavej3,""
eon,""
copac,""
dbedia,""
fdsfdsfdsf,""
species,""
vigilance,""
dcic,""
encoding,""
weblab,""
saop,""
holiday,""
dop,""
flashvideo,""
centi,""
dita,"http://zebrana.net/dita/ditavoc.ttl#"
cb,""
chile,""
pb,""
freebsd,""
perfix,""
data,""
instances,""
science,""
asdfasdf,""
titanic,""
midpoint,""
localhost,""
fd,""
access,""
omdoc,""
autho,""
pm,""
nntp,""
dbin,""
rng,""
leo,""
daisy,"http://www.daisy.org/z3998/2012/vocab/"
fao,""
aaa,""
begin,""
chemistry,""
niew,""
myns,""
swrltab,""
dbponto,""
labels,""
sip,""
mail,""
facebook,""
spleen,""
datacube,""
javam,""
mid,""
om,""
viskos,""
xxxlxxx,""
devi,""
iris,""
airports,""
h323,""
dataub,""
pubmed,""
xsdanyurl,""
doapn3,""
man,""
musician,""
gi,""
dav,""
im,""
msrp,""
idobj,""
sioctype,""
ny,""
gexf,""
ab,""
vum,""
opvm,""
eo,""
esg,""
dctersm,""
acap,""
afs,""
nfs,""
rtsp,""
shttp,""
rq,""
biz,""
chojnice,""
mrf,""
dppedia,""
sweet,""
machine,""
dim,""
spatialrel,""
word,""
edf,""
elements,""
politicio,""
xsdl,""
nurse,""
htp,""
mailserver,""
voiud,""
dcelements,""
expensive,""
atcult,""
localhos,""
sociopath,""
dbonto,""
foadsdf,""
ldow,""
fax,""
url,""
site,""
snap,""
kiss,""
mets,""
fdsgsagdsa,""
sioooc,""
ls,""
lhttp,""
forename,""
gs,""
telnet,""
wim,""
dc10,""
usbill,""
n3s,""
member,""
vfddadasd,""
lo,""
ns1,""
trin,""
intersects,""
iptc,""
unintended,""
ff,""
service,""
phone,""
ddi,""
wgss,""
resume,""
eot,""
jena,""
rpl,""
guitar,""
esgf,""
admire,""
sawp,""
onto,""
topo,""
hobby,""
vacrd,""
vf,""
nasa,""
dictonary,""
goog,""
aaas,""
gopher,""
pop,""
qd,""
dec,""
move,""
api,""
si,""
nyt,""
swe,""
print,""
crmo,""
gi2mo,""
put,""
wine,""
aco,""
wrds,""
dbtropes,""
geometry,""
nex,""
bkz,""
add,""
books,""
ssg,""
page,""
pmc,""
modem,""
sdmxcode,""
somestuff,""
privacy,""
eont,""
yhttp,""
magic,""
politic,""
deep,""
faof,""
xtype,""
rdflabel,""
msd,""
cluug,""
med,""
landsat,""
ynews,""
cieux,""
mobisem,""
opengraph,""
dci,""
film,""
group,""
synopsis,""
hotel,""
tel,""
woo,""
adms,"http://www.w3.org/ns/adms#"
protont,""
ful,""
quote,""
spec,""
born,""
question,""
subject,""
udc,""
year,""
any,""
respect,""
universe,""
facility,""
trt,""
dces,""
sxml,""
bfo,""
geos,""
imap,""
tftp,""
fafag,""
archive,""
sns,""
rdfgeom2d,""
nlp,""
lon,""
biography,""
dpo,""
dbrec,""
doi,""
acd,""
aca,""
jonlittler,""
grammar,""
joenash,""
app,""
olap,""
pack,""
icap,""
mupdate,""
dnrdf,""
inrdf,""
bing,"http://bing.com/schema/media/"
similarity,""
website,""
area,""
rdsf,""
publisher,""
uefa,""
loco,""
en,""
foat,""
rdms,""
census,""
genabnor,""
geod,""
dbpediao,""
bpm,""
asd,""
thea,""
ginseng,""
lud,""
cancer,""
election,""
dcerms,""
agua,""
ncbi,""
dcelement,""
lives,""
crid,""
ipp,""
pres,""
aboutus,""
ns19,""
adobe,""
linkedc,""
foar,""
see,""
datatype,""
smo,""
album,""
genome,""
task,""
lcsh,""
satellite,""
imam,""
pode,""
dcs,""
interest,""
madeup,""
bench,""
lgdp,""
agh,""
wrd,""
foag,""
flu,""
position,""
child,""
grrrrr,""
ankara,""
snmp,""
ubmed,""
env,""
playlist,""
auth,""
trust,""
inf,""
isoco,""
lice,""
haus,""
x509,""
localho,""
dbpont,""
dublin,""
ofx,""
to,""
eur,""
lls,""
sst,""
xoxo,""
dict,""
dns,""
tip,""
wsdl,""
be,""
aboutme,""
about3721,""
whp,""
dvminh,""
scala,""
rfd,""
dddd,""
op,""
mui,""
caltzd,""
darn,""
apsd,""
atm,""
dbt,""
landmap,""
testb,""
feigenbaum,""
vfd,""
skow,""
arisem,""
ueberblic,""
dictionary,""
meeting,""
lfs,""
fiaf,""
vracore4,""
wmd,""
msrps,""
jamendo,""
coke,""
relate,""
alocom,""
sensorml,""
sqwrl,""
guy,""
partof,""
lookatme,""
lct,""
llomp,""
stream,""
nikon,""
probos,""
bitcache,""
properties,""
cpr,""
ordsurvey,""
scio,""
adress,""
loca,""
tc,""
olb,""
efoaf,""
epa,""
slos,""
dao,""
fv,""
ll,""
mou,""
accounting,""
mtqp,""
sips,""
cmn,""
somelong,""
greater,""
evon,""
trans,""
siocoo,""
srgs,""
cas,""
foafrdfs,""
qif,""
mea,""
love,""
invoice,""
elect,""
default95,""
podcast,""
ucum,""
monthof,""
hhttp,""
portal,""
meal,""
equipment,""
javap,""
var,""
diligent,""
anoe,""
goe,""
tv,""
md,"http://www.w3.org/ns/md#"
abo,""
rov,"http://www.w3.org/ns/regorg#"
knowsfoaf,""
ar,""
biology,""
conference,""
amazon,""
director,""
socio,""
kennedy,""
bbcevent,""
ldfs,""
mbox,""
zemanta,""
wcard,""
linuxcnc,""
ramon,""
layar,""
sysong,""
job,""
videotex,""
ebucore,""
format,""
abl,""
vegetarian,""
hilbrink,""
politics,""
dbdprop,""
bc,""
mag,""
zitgist,""
metric,""
dbpaedia,""
webtla,""
gaf,""
chefmoz,""
hgtags,""
leclaque,""
linkmdb,""
xmpp,""
element,""
osagosag,""
long,""
letter,""
translator,""
collect,""
remu,""
kjhaskdj,""
groundhog,""
hggg,""
ess,""
doofi,""
swrlx,""
scp,""
philo,""
sale,""
ra,""
ibsen,""
ld,""
vra,""
vracoire,""
rfdf,""
locah,""
prospero,""
vemmi,""
sg,""
rad,"http://www.w3.org/ns/rad#"
bte,"http://purl.org/twc/vocab/between-the-edges/"
orf,""
babu,""
siocs,""
arrabal,""
reread,""
davfoaf,""
local,""
xmdr,""
uberbilc,""
bo,""
geographic,""
gui,""
gf,""
iax,""
gnrdf,""
mediation,""
base,""
gene,""
shop,""
academic,""
incubator,""
fm,""
synonym,""
htt,""
gtag,""
jdijd,""
scout,""
dtn,""
reo,""
disclaimer,""
post,""
dqm,""
osmp,""
integerate,""
vchar,""
pti,""
titlerdfs,""
pod,""
aktor,""
gre,""
krextor,""
mfu,""
gwn,""
scourt,""
ukpmc,""
update,""
tn3270,""
snews,""
wais,""
onix,""
gw,""
owlsa,""
akfkafk,""
vis,""
refinder,""
john,""
recof,""
rpa,""
dish,""
jo,""
vt,""
patterm,""
dimension,""
un,""
sysonf,""
falcons,""
exist,""
pnd,""
prop,""
design,""
addr,""
osm,""
reddco,""
lrdfs,""
vracore,""
rdfakt,""
ffoaf,""
tree,""
business,""
india,""
anti,""
robot,""
xalan,""
acal,""
jobs,""
docom,""
rdforms,""
surinam,""
datacenter,""
pharmgkb,""
grounding,""
subclass,""
dub,""
syson,""
xls,""
nif,""
ngd,""
dcn3,""
nprov,""
ogc,""
httprdf,""
boag,""
node,""
yago2,""
trou,""
msm,""
ffff,""
alksdjf,""
aisso,""
nao301,""
geo2661,""
uuid,""
esdt,""
statistics,""
travel,""
birthday,""
copmv,""
cat,""
dahut,""
scam,""
rn,""
gggg,""
dbowl,""
dbpedi,""
dbped,""
yag,""
ldbpprop,""
supra,""
vcasrd,""
oslc,""
ext,""
bio2,""
topic,""
mview,""
sdsads,""
javapr,""
src,""
ssb,""
mebase,""
w3c,""
gumo,""
the,""
prefecture,""
afdsafasf,""
mods,""
rhttp,""
typhttp,""
typehttp,""
lov,""
nrdf,""
nbrdf,""
ridicule,""
gok,""
pizza,""
patchr,""
swivf,""
dcternms,""
odmrd,""
dbpe,""
identifier,""
xd,""
origen,""
lin,""
tpl,""
targethttp,""
cia,""
geospatial,""
currency,""
geontology,""
foaflobid,""
pwl,""
edu,""
per,""
expo,""
dtc,""
p2071,""
wsmo,""
stw,""
lab,""
tagging,""
periodic,""
emotion,""
face,""
wol,""
vehicles,""
titech,""
ara,""
seshu,""
ontom,""
sico,""
age,""
dbpdia2,""
skype,""
pa,""
programmes,""
tyhttp,""
flickr,""
rdfvocab,""
esra,""
srf,""
skoss,""
owms,""
dbpedoa,""
fby,""
part,""
microsoft,""
deri,""
rdagr2,""
tisc,""
impressum,""
gephi,""
zs,""
ebugs,""
haha,""
cnn,""
sem,""
sskoss,""
noticias,""
scoma,""
sports,""
soton,""
vacancy,""
cheese,""
tax,""
own,""
heo,""
oan,""
dfsdkfjshd,""
wsg64,""
civc,""
fabric,""
bcodmo,""
pur,""
program,""
cdwa,""
idiom,""
dnbrdf,""
irdf,""
gokhan,""
aid,""
spatila,""
pegi,""
iwf,""
page3,""
opms,""
gallery,""
destinty,""
faq,""
oel,""
page1,""
sws,""
scsp,""
oof,""
qutd,""
som,""
device,""
rdfslabel,""
gaestebuch,""
curie,""
brainz,""
regi,""
dbpcat,""
transport,""
ctagm,""
boe,""
keg,""
crowd,""
calais,""
personne,""
bef,""
xkcd,""
police,""
sid,""
tr,""
rdlabel,""
cofog,""
hard71,""
timeline71,""
qa,"http://www.mit.jyu.fi/ai/TRUST_Ontologies/QA.owl#"
concept,""
amoi,""
projects,""
revision,""
calbc,""
mdv,""
hcal,""
article,""
gno,""
bisness,""
team,""
max,""
rdfrdfs,""
lido,""
mads,""
cz,""
rdfhttp,""
httrdf,""
infrdf,""
infordf,""
sgu,""
voem,""
ralph,""
xdmp,""
xsf,""
medical,""
sam,""
maus,""
dtyp,""
ppn,""
scm,""
pets,""
biocarta,""
page2,""
dioc,""
page25,""
github,""
htstha,""
obituaries,""
side,""
recepice,""
rda2,""
nicetag,""
targehttp,""
targhttp,""
hthttp,""
movi,""
ags,""
zbw,""
ontology,""
naoo,""
learning,""
object,""
tron,""
nmm,""
result,""
asset,""
register,""
st,""
aa,""
esi,""
nice,""
mda,""
dsi,""
ckan,""
geonto,""
kedct,""
rdvocab,""
rfs,""
js,""
vw,""
siocacs,""
npo,""
lookup,""
reso,""
dbtune,""
foef,""
osspatial,""
italia,""
cool,""
bq,""
recipes,""
rlabel,""
disability,""
duration,""
r101,""
ontoware,""
ru,""
geo681,""
adfasdf,""
my,""
ischema,""
ldp,"http://www.w3.org/ns/ldp#"
sajib,""
esdp,""
sesoa,""
breast,""
exf,""
svu,""
thesaurus,""
bro,""
ln,""
rdhttp,""
dctemrs,""
hrdf,""
htrdf,""
grdf,""
gndrdf,""
mdr,""
tdcat,""
dcmiterm,""
text,""
skios,""
topology,""
cdtype,""
das,""
tour,""
xfoaf,""
goodwin,""
orboro,""
xdas,""
nyx,""
strin,""
trip,""
storm,""
lan,""
feature,""
entrez,""
z3986,""
lmap,""
page9,""
opmvcommon,""
frbroo,""
pers,""
restaurant,""
opinions,""
gop,""
apple,""
dbpediaow,""
agris,""
rss10,""
sy,""
locatedin,""
stts,""
ospc,""
mobile,""
libro,""
eam,""
physics,""
wlan,""
lgdr,""
affiliate,""
oly,""
process,""
als,""
shos,""
sapce,""
afraid,""
edct,""
reliant,""
dcterns,""
foaf1,""
crpt,""
bitcoin,""
logd,""
planet,""
lexo,""
nearby,""
licence,""
rdgf,""
metadata,""
iso19115,""
xaml,""
ikke,""
datavoc,""
tpc,""
tiff,""
bla,""
sinfo,""
kos,""
siocc,""
receipt,""
bug,""
omgeo,""
nto,""
neurolex,""
nerd,""
provo,""
usdl,""
bookstore,""
pco,""
source,""
niem,""
dqr,""
hier,""
semint,""
musoc,""
geosparql,""
loted,""
mgl,""
download,""
exactly,""
ucumunit,""
p3p71,""
entityhub,""
kac,""
readme,""
dru,""
th,""
um,""
thttp,""
drdf,""
util,""
sskos,""
technology,""
dde,""
table,""
tg,""
esperanto,""
webid,""
tourist,""
sdb,""
ja,""
grr,""
voap,""
vaep,""
drf,""
acti,""
qallme,""
hure,""
myx,""
gala,""
hsyjsyjsy,""
fofa,""
decterms,""
esports,""
hiper,""
fop,""
por,""
blp,""
marine,""
links,""
tt,""
ehttp,""
tarhttp,""
tiger,""
y1ttp,""
an,""
sihhkjhkj,""
truc,""
fts,""
serv,""
hcls,""
it,""
offo,""
mlst,""
siocac,""
vb,""
affymetrix,""
launch,""
geon,""
geont,""
geontol,""
dulce,""
ago,""
nkedct,""
auto,""
sorg,""
blumauer,""
reegle,""
svf,""
ossr,""
pext,""
dists,""
online,""
cities,""
temporal,""
eclass,""
photordf,""
xslfo,""
bibio,""
bl,""
foafdct,""
rulez,""
fma3,""
csb,""
f8,""
doid,""
software,""
sno,""
toto,""
payments,""
docs,""
dados,""
bmo,""
dsw,""
socam,""
lb,""
qu,""
foaf101,""
frbr71,""
remote,""
finance,""
infodat,""
gho,""
rss20,""
scho,""
lat,""
soydan,""
gsoydan,""
dom,""
nodes,""
rdfds,""
stos,""
textgrid,""
page26,""
grrr,""
xi,""
polygon,""
home,""
xrdf,""
osp,""
endhttp,""
enhttp,""
tahttp,""
httphttp,""
scobvo,""
venn,""
database,""
nemo,""
edmo,""
edamo,""
doop,""
sequence,""
mlr,""
owll,""
mygridmoby,""
login,""
family,""
owlp,""
mbz,""
waiver,""
university,""
kegg,""
integer,""
refs,""
pic,""
ts,""
drvocab,""
calandar,""
ect,""
aksw,""
tso,""
subclassof,""
friar,""
mimetypes,""
foaf2,""
edgar,""
sioo,""
pnc,""
zsh,""
faxcore,""
twr,""
utm,""
bcntransp,""
lubm,""
jkc,""
mlo,""
sro,""
jt,""
viod,""
emplyer,""
uci,""
fdfs,""
adminge,""
cycl,""
skosx,""
skxl,""
ccd,""
airp,""
foan,""
suff,""
siocaccess,""
skill,""
seemp,""
pointer,""
wn30,""
error,""
wn16,""
cylon,""
cy,""
bus,""
skb,""
ptn,""
ntag,""
eng,""
scc,""
bcc,""
brdf,""
ont,""
knos,""
covrigi,""
enuis,""
programme,""
government,""
led,""
slowfood,""
wwf,""
soupa,""
ud,""
nsl,""
provenance,""
dbppro,""
topconcept,""
al,""
schemaorg,""
wg84,""
attribute,""
budget,""
typon,""
grd,""
sa,""
iso639,""
nho,""
has,""
licya,""
php,""
user71,""
nndsr71,""
skosrdfs,""
yrdf,""
size,""
dbg,""
ssso,"http://purl.org/ontology/ssso#"
wikilink,""
dcl,""
page7,""
restdesc,""
sau,""
dsdmx,""
function,""
wb,""
uto,""
htthttp,""
diff,""
times,""
multext,""
databases,""
ols,""
newsletter,""
erawr,""
royalvegas,""
cxh,""
trons,""
xrg,""
wgs94,""
vocabulary,""
whiskey,""
tx,""
lms,""
geontolo,""
ego,""
dbk,""
dogont,""
gbowl,""
historic,""
inkedct,""
calandat,""
punkt,""
placs,""
owlsw,""
csp,""
posm,""
oowl,""
dvt,""
rcc8,""
pbcore,""
paw,""
azd,""
dctermrs,""
teacher,""
asturias,""
err,""
ouilyktjhg,""
xcri,""
dcm,""
bibi,""
sadiont,""
uv,""
xmprights,""
parl,""
xskos,""
kwa,""
cust,""
wgs804,""
wgs908,""
rescon,""
xsd2,""
lingvoh,""
rdsfs,""
towel,""
bounce,""
evnt,""
ergo,""
el,""
pointers,""
change,""
measure,""
dawg,""
mirko,""
sfn,""
foafgml,""
openk,""
prt,""
webb,""
sccb,""
cursi,""
tgn,""
hardware,""
mx,""
dbml,""
cupidon,""
dgp32,""
swot,""
xsp,""
ocube,""
avio,""
breakfast,""
reve,""
ufo,""
opening,""
cad,""
rb,""
msg0,""
twcid,""
iden,""
polla,""
dei,""
cites,""
lanng,""
plus,""
soa,""
dbres,""
ekos,""
gtalk,""
redfs,""
bestbuy,""
traffic,""
vk,""
cimom,""
jun,""
eth,""
top100,""
non,""
fear,""
fbml,""
ign,""
srcsp,""
ecbstats,""
govt,""
marc21,""
edns,""
az,""
ese,""
rank,""
prolog,""
ae,""
occ,""
vswp,""
dvo,""
acces,""
sch,""
pni,""
agnt,""
srtag,""
areal,""
uvr,""
xiz,""
dbpemeshr,""
akoma,""
demography,""
cea,""
special,""
moa,""
opencalais,""
context,""
ydrugbank,""
xmnls,""
admingo,""
dbpowl,""
abbr,""
popular,""
examp,""
gprog,""
tgp,""
geostat,""
sparqlres,""
relational,""
determs,""
gob2r,""
whisky,""
univ,""
bibilo,""
iri,""
bcnbioleg,""
pnt,""
jabberd,""
xlt,""
xlp,""
meeing,""
pad,""
rosm,""
employer,""
freeclass,""
eclassowl,""
janus,""
sxl,""
foafisbd,""
gandhi,""
infy,""
urc,""
hassan,""
dol,""
cgo,""
csbc,""
coche,""
adsf,""
osgeo,""
owlapi,""
kasabi,""
ns3,""
look,""
rdfatom,""
gwas,""
transna,""
gvcard,""
padfile,""
argot,""
factforge,""
spso,""
pref,""
distance,""
route,""
dbresource,""
ciu,""
tegs,""
bb,""
callto,""
sms,""
subtype,""
iosbd,""
hallo,""
sprel,""
snomedct,""
bike,""
gwp,""
opc,""
roles,""
iso159262,""
fghyrrrr,""
erlangen,""
chm,""
rdfmao,""
commercew,""
reactome,""
pathway,""
rent,""
sao,""
w3,""
anep,""
orphanet,""
expense,""
rvoid,""
sdghcg,""
rdfffff,""
rawmat,""
tourexp,""
swo,""
marker,""
olcd,""
iso3166,""
dbol,""
faf,""
reating,""
ed,""
refarea,""
socamn3,""
sdo,""
kunnat,""
ssnx,""
swanrel,""
uml,""
mt,""
do,""
prvfiles,""
ipam,""
workswith,""
attrib,""
su,""
smail,""
nm,""
ews,""
ien,""
decision,""
arc,""
skovo,""
cvs,""
ccmbg,""
sz,""
ag,""
wbfd,""
ootb,""
bmx,""
meida,""
ldif,""
o2,""
powder311,""
asdfadfasf,""
ub,""
bloo,""
death,""
gh,""
pdrugbank,""
dxsd,""
mns,""
analyzis,""
drugban,""
nam,""
ebu,""
vector,""
preif,""
gender,""
hybrid,""
lexivo,""
football,""
signup,""
xp,""
taxon,""
wifi,""
genont,""
geontolog,""
sdd,""
tna,""
jsf,""
reeglee,""
stri,""
dbpro,""
computers,""
fooaf,""
iso639a2,""
jsp,""
residence,""
spre,""
odc,""
contrary,""
test123,""
mms,""
kk,""
dbpediaont,""
rlz,""
found,""
geors,""
sun,""
ccs,""
mec,""
infoiasi,""
uvn,""
foaff,""
uk,""
ieee,""
oxp,""
ggl,""
jmv,""
inria,""
gengui,""
viso,""
locgov,""
marcxml,""
marc,""
sap,""
spdy,""
spotify,""
int,""
exalemp,""
osi,""
rdy,""
cka,""
cadarn,""
cim,""
skossparql,""
dbsnp,""
oagis,""
mmosa,""
iso15926,""
role,""
junct,""
ipads,""
gomez,""
dfki,""
iati,""
kupo,""
furmiture,""
joe,""
judo,""
fvoid,""
ketut,""
debpedia,""
catalog,""
ded,""
jf,""
pao,""
ebay,""
xxd,""
brrge,""
brreg,""
bdpedia,""
sdfgsd,""
steelcase,""
mondial,""
va,""
logistic,""
fgteedc,""
tns,""
tms,""
da,""
mdl,""
discipline,""
colorspace,""
psys,""
starttime,""
competitio,""
located,""
strategies,""
nc,""
lau,""
rinkan,""
iscity,""
pin,""
geography,""
dcprop,""
feed,""
dsioc,""
expath,""
path,""
smil,""
thes,""
viscube,""
damnl,""
bcn,""
ges,""
uvc,""
scor,""
diavg,""
diavge,""
shit,""
wac,""
rpg,""
com71,""
stories,""
fben,""
opmo,""
dcter,""
owk,""
idat,""
gnf,""
rdagr,""
redrel,""
rdrelrdrel,""
modified,""
uid,""
fco,""
em,""
blo,""
pico,""
schmema,""
created,""
aeo,""
hr,""
aydos,""
mart,""
rgn,""
region,""
rdfsank,""
typet,""
demo,""
changelog,""
train,""
ka,""
know,""
aemet,""
activity,""
protonext,""
nms,""
drugb,""
na,""
mediatype,""
scms,""
lod2prov,""
cellus,""
vect,""
null,""
mpub,""
oi,""
employee,""
abbre,""
page24,""
of,""
guild,""
html5,""
ciph,""
even,""
display,""
exc,""
gooddata,""
dmoz,""
medicare,""
cion,""
ulb,""
pito,""
hotels,""
prim,""
maniac,""
wgs83,""
cnid,""
datafq,""
relation,""
icaltzid,""
junc,""
rdfmap,""
count,""
jp,""
geofla,""
frad,""
doinowl,""
sdtm,""
render,""
di,""
rdv,""
vocabs,""
eures,""
issues,""
mdt,""
envo,""
foalocf,""
iso6392,""
indiaa,""
gratis,""
ldapi,""
hvor,""
snv,""
land,""
spatrel,""
klo,""
dataset,""
conversin,""
cf,""
diavgei,""
szotten,""
wsperson,""
scoc,""
maf,""
import,""
wd,""
heml,""
juan,""
geonmaes,""
ontogeo,""
bco,""
rdffile,""
scl,""
infodata,""
europe,""
cta,""
horst,""
hnaa,""
uniclass,""
filename,""
gps,""
guo,""
att,""
eurovoc,""
gro,""
koc,""
frap,""
radatana,""
aws,""
oboecore,""
practical,""
cdisc,""
proto,""
tmp,""
ur,""
sn,""
bruno,""
citizen,""
epterms,""
degois,""
collection,""
foqf,""
ddd,""
tenant,""
scolom,""
slom,""
slo,""
dewey,""
ovoc,""
dbmeshr,""
owlmeshr,""
rdfsnk,""
ugbank,""
gbank,""
spatialr,""
dpll,""
var1rdf,""
ifc,""
occupation,""
mfg,""
radion,""
ite,""
hashecs,""
token,""
pmid,""
deb,""
bowdnntcz,""
foafp,""
sdrugbank,""
skdrugbank,""
la,""
enakting,""
cm,""
prospect,""
wish,""
sadi,""
resilience,""
sandeep,""
social,""
scinets,""
tipjar,""
foafdc,""
tac,""
ocre,""
dasdfadsfc,""
neogeo,""
pre,""
actor,""
ns7,""
pattern,""
mpeg,""
sparqlhttp,""
gooddate,""
vin,""
rsql,""
pv,""
ida,""
hrc,""
swa,""
allie,""
ccpp,""
furniture,""
phenonet,""
dw,""
cou,""
opl,""
regular,""
dboedia,""
nick,""
updates,""
diferent,""
withdraw,""
locn,""
asdfadsf,""
diav,""
diavgeia,""
idata,""
humain,""
foredrelaf,""
document,""
rdavocab,""
masta,""
argument,""
biotop,""
pippo,""
ead,""
ghsrthydt,""
wkoedia,""
wkpedia,""
dbmedia,""
ppmo,""
novel,""
euraxess,""
religion,""
hosp,""
rfoaf,""
dmeshr,""
owmeshr,""
rdrugbank,""
rddrugbank,""
rdfsk,""
rugbank,""
bank,""
ank,""
nk,""
dterms,""
dterm,""
labelhttp,""
bnf,""
akomantoso,""
climate,""
building,""
oxpoints,""
ask,""
version,""
virtuemart,""
pla,""
hotspots,""
gsol,""
dmci,""
museum,""
ned,""
spdx,""
swcs,""
skosxk,""
dbbpedia,""
pet,""
ecrm,""
rdss,""
security,""
umbl,""
xodx,""
repo,""
iirbbhyh,""
ydc,""
bugzilla,""
ets,""
pff,""
dcelem,""
foafpowder,""
metalatex,""
patient,""
rdls,""
entry,""
pgr,""
uac,""
uberon,""
msh,""
owlrdfs,""
lexevo,""
dgu,""
wbld,""
calc,""
ouco,""
puco,""
jd,""
exterms,""
glont,""
survey,""
wn20s,""
geof,""
ns8,""
mycool,""
devices,""
umls,""
bcnleg,""
floss,""
complang,""
poi,""
yao,""
hdt,""
gg,""
mg,""
maintain,""
gay,""
forge,""
wbd,""
dtp,""
anf,""
polic,""
pupp,""
owner,""
doad,""
meducator,""
generation,""
kilo,""
apt,""
lscom,""
fea,""
yyttrrddcx,""
ccns,""
tdfs,""
free,""
novels,""
frbrc,""
siocfoaf,""
swrs,""
action,""
itsrdf,""
value,""
exercise,""
dcx,""
lod2proc,""
yo,""
length,""
scip,""
seas,""
wurst,""
cornetto,""
cn,""
ffffff,""
basic,""
igdo,""
vco,""
ocse,""
schmea,""
wwe,""
eec,""
spf,""
isig,""
uia,""
emf,""
veterinary,""
xrdfs,""
inndeling,""
consumo,""
wf4ever,""
wedding,""
wed,""
namespace,""
qbjs,""
openimpact,""
ghodata,""
issue,""
defect,""
itunes,""
pceu,""
atompub,""
hy,""
brid,""
yahoo,""
ookook,""
obouberon,""
tfs,""
ile,""
utility,""
rojas,""
conomun,""
sbb,""
architect,""
soccer,""
scube,""
fy,""
efn,""
oxford,""
senti,""
sentinet,""
sentiword,""
nazi,""
audit,""
quest,""
creater,""
erp,""
stahub,""
mar,""
coun,""
bift,""
bit,""
boprasldal,""
tprov,""
dcatfoaf,""
ripple,""
glottlog,""
frber,""
ifla,""
akos,""
lod2p,""
bpel,""
populair,""
owlt,""
opta,""
dolmen,""
yesterday,""
float,""
srs,""
swiftowlim,""
hastag,""
didl,""
profile,""
lg,""
ietf,""
hpsg,""
datafqs,""
vios,""
fbk,""
t2flow,""
admitted,""
rqb,""
owel,""
opme,""
vidont,""
twit,""
epistem,""
apazcqpsmf,""
drugba,""
dr,""
cpanel,""
biolod,""
gis,""
about,""
git,""
janze,""
dia,""
lccn,""
dragro,""
dex,""
vec,""
inurl,""
videont,""
labe,""
youtob,""
bz,""
ssd,""
boo,""
prel,""
reg,""
amo,""
nanopub,""
s4ax,""
xml2,""
geolat,""
orca,""
birth,""
argus,""
cars,""
montclair,""
golf,""
lottery,""
ddisc,""
car,""
cdt,""
olodac,""
oai,""
foafmailto,""
pd,""
lcs,""
datapedia,""
bidon,""
blterms,""
blogs,""
disulflid,""
dob,""
owrc,""
subscribe,""
holst,""
ids,""
other,""
cso,""
athletics,""
berkeley,""
hayward,""
ddid,""
ddis,""
california,""
scoreboard,""
oakland,""
alameda,""
opinion,""
giants,""
letters,""
talkback,""
albany,""
columns,""
cooking,""
plant,""
planttype,""
seebi,""
regorg,""
noa,""
yso,""
dcndl,""
frbrer,""
park,""
grg,""
aapl,""
pricepaid,""
fee,""
credit,""
section,""
cmis,""
zthes,""
sfl,""
wellness,""
e,""
redcterms,""
horoscopes,""
warriors,""
promotion,""
poli,""
newark,""
raiders,""
editorial,""
fremont,""
services,""
lexovo,""
piedmont,""
hotjobs,""
scrum,""
w3pglue,""
fg,""
regord,""
rorg,""
reor,""
ror,""
gtfs,""
share,""
public,""
inst,""
od,""
sioce,""
ondoc,""
onki,""
ii,""
ndl,""
kmm,""
movies,""
scrapboo,""
oh,""
actors,""
calendat,""
annotation,""
rdvicab,""
president,""
exproducts,""
dbop,""
sckos,""
seatgeek,""
hydra,""
kegperson,""
filter,""
goods,""
ch,""
gfgrstdgr,""
ibo,""
pbp,""
edi,""
cyr,""
s11,""
subj,""
qpqb,""
osnp,""
garden,""
sentiment,""
adasd,""
campus,""
bcnses,""
cp,""
rdfns,""
paon,""
currancy,""
rpi,""
vdt,""
pubsub,""
ogo,""
good,""
physician,""
xray,""
bakery,""
derbi,""
why,""
dms,""
recshop,""
d4,""
netflix,""
delta,""
pak,""
pfm,""
nof,""
sbml,""
tib,""
pas,""
fff,""
oro,""
art,""
fbs,""
cr,""
jim,""
sass,""
owltimeb,""
edn,""
ehs,""
spo,""
quaff,""
theorem,""
articlee,""
atc,""
atcc,""
qkoq,""
dmo,""
ffo,""
scloud,""
wml2,""
wom,""
lmd,""
wml,""
osspr,""
mis,""
journey,""
lpr,""
lnpr,""
cts,""
warning,""
alt,""
yt,""
libre,""
innovation,""
fraud,""
spr,""
d2rs,""
fioaf,""
dialogue,""
icao,""
acft,""
anyth,""
ng,""
sens,""
corp,""
mall,""
prdfs,""
seis,""
pene,""
mrofl,""
waza,""
saco,""
dat,""
foadcf,""
pdml,""
jpeg,""
admc,""
parameter,""
lexm,""
iddati,""
u,""
m,""
reverse,""
latest,""
sdfgdfg,""
owlfoaf,""
sharks,""
rego,""
xnd,""
birthdate,""
sviwi,""
frbrifla,""
dm2e,""
para,""
basekb,""
bk,""
digital,""
b2b,""
swportal,""
crime,""
mio,""
regex,""
pe,""
rdfspeople,""
genealogy,""
qp,""
street,""
cost,""
geosciml,""
twc,""
gcis,""
facet,""
euets,""
fcv,""
futurios,""
doctor,""
bread,""
drupal,""
et,""
statut,""
asdaasd,""
skoso,""
algorithm,""
aesthetics,""
rdfsd,""
researcher,""
syntsem,""
moncul,""
owltim,""
agr,""
institute,""
proof,""
xdf,""
ftid,""
lsch,""
odn,""
pml3,""
sailing,""
agd,""
mat,""
osadm,""
lingvo,""
oscar,""
wwmm,""
council,""
cores,""
tb,""
wsx,""
musicbrain,""
vimeo,""
swcr,""
srv,""
carto,""
datalift,""
admi,""
asp,""
model,""
aircraft,""
irp,""
kapoor,""
pufi,""
ggggg,""
xtramath,""
industry,""
coord,""
shopping,""
ageo,""
ddirdf,""
cir,""
gaap,""
sadasdas,""
talk,""
bsno,""
aozora,""
tarkil,""
tdf,""
deusto,""
bool,""
lq,""
physo,""
dsn,""
rg,""
picture,""
jpg,""
hdl,""
npdv,""
output,""
eb,""
ergobyte,""
scar,""
li,""
tm,""
receive,""
nethub,""
odpdn,""
odpfn,""
painting,""
ramge,""
smap,""
healtdata,""
healthdata,""
firstname,""
sepa,""
wfd,""
wise,""
eea,""
bibframe,""
games,""
ares,""
ruain,""
ruian,""
xcd,""
marius,""
comp,""
cprop,""
kri,""
